Workbook

Sheet Constants and exponents
A1: Woody mass from total mass | E1: Suggested values
A2: Ms=ß1*Mt^a1 | C2: Edit these \/ | E2: STH suggestions | F2: Average Angiosperm | G2: Average Gymnosperm | H2: Allometric theory
B3: ß1= | C3: 0.8 | E3: 0.8 | F3: 0.8637 | G3: 0.724 | H3: NA
B4: a1= | C4: 1 | E4: 1 | F4: 1.0221 | G4: 1.0436 | H4: 1
A5: Canopy mass(young) from woody mass
A6: Mlyoung=ß2*Ms^a2
B7: ß2= | C7: 0.25 | E7: 0.04 | F7: 0.1164 | G7: 0.2902 | H7: NA
B8: a2= | C8: 1 | E8: 1 | F8: 0.8819 | G8: 0.9715 | H8: 1
A9: Canopy mass(mature) from woody mass
A10: Mlmature=ß3*Ms^a3
B11: ß3= | C11: 0.46 | E11: 0.25 | F11: 0.15 | G11: 0.55 | H11: NA
B12: a3= | C12: 0.75 | E12: 0.75 for angiosperms, 0.8 for gymnosperms | F12: 0.7719 | G12: 0.7092 | H12: 0.75
A13: Woody diameter from woody mass
A14: Ds=ß4*Ms^a4
B15: ß4 | C15: 0.03 | E15: 0.03 | F15: 0.0265 | G15: 0.0303 | H15: NA
B16: a4 | C16: 0.375 | E16: 0.375 | F16: 0.3825 | G16: 0.403 | H16: 0.375
A17: Tree height(young) from woody diameter
A18: Hsyoung=(ß5*Ds^a5)-ß6
B19: ß5 | C19: 100 | E19: 100 | F19: 160.81198 | G19: 80.25887 | H19: NA
B20: a5 | C20: 1 | E20: 1 | F20: 1.0964662 | G20: 0.92930453 | H20: 0.6667
B21: ß6 | C21: 0 | E21: 0 | F21: 0 | G21: 0 | H21: NA
A23: Tree height(mature) from woody diameter
A24: Hsmature=ß7 + ß8 ln Ds
B25: ß7 (max height) | C25: 30 | E25: Look up | F25: 31.464273 | G25: 30.112785 | H25: NA
B26: ß8 | C26: 8.7 | E26: 15 | F26: 8.5 | G26: 8.9 | H26: NA
A27: Total growth from projected area and canopy mass
A28: Gt=Alprojected*[ß9*(Ml^a)]
B29: ß9 | C29: 1.5 | E29: 1.5 | F29: 1.5056 | G29: 0.58408 | H29: NA
B30: a6 | C30: -0.45 | E30: -0.45 | F30: -0.44834 | G30: -0.45767 | H30: NA
A33: IdealSeedlingMass | C33: 2.7e-05 | E33: 3e-05 | F33: 2.7e-05 | G33: 2.7e-05 | H33: NA
A34: DensityLeaf: | C34: 923.43 | E34: ~900 | F34: 500 | G34: 923.43 | H34: NA
A35: DensityStem: | C35: 995 | E35: Look up | F35: 995.76 | G35: 764.3
A36: YoungsModStem: | C36: 9.65 | E36: Look up | F36: 9.6543478 | G36: 7.3263158 | H36: NA
A37: HeightLeaf: | C37: 0.000296 | F37: 0.000296 | G37: 0.000296 | H37: NA
A39: fractStem@germ: | C39: 0.99
J42: Projected age of maturity (years): | K42: =INDEX('Simulate growth'!A:A,MATCH("True",'Simulate growth'!G:G,0)) -> 11
J43: Warnings: | K43: =IF(MATCH("True",'Simulate growth'!N:N,0)>0,"TREE COLLAPSES UNDER IT'S OWN WEIGHT!","") -> #N/A
E44: percent error for mass cutoff | F44: 2 | K44: =IF(MATCH("True",'Simulate growth'!R:R,0)>0,"Allometric masses differ from total mass outside cutoff","") -> #N/A

Sheet Simulate growth
A1: Cycle | B1: Gnew | C1: Mt | D1: Ms | E1: Hs young | F1: Hs mature | G1: Mature? | H1: Hs | I1: Ml | J1: Ds | K1: old canonpy radius | L1: Alprojected | M1: Hcrit | N1: Violate Euler? | Q1: % error Ms+Ml vs Mt (%)
A2: 0 | B2: 2.7e-05 | C2: =B2 -> 2.7e-05 | D2: =C2*'Constants and exponents'!C39 -> 2.673e-05 | E2: =('Constants and exponents'!$C$19*(J2^'Constants and exponents'!$C$20))-'Constants and exponents'!$C$21 -> 0.057842341 | F2: ='Constants and exponents'!$C$25+('Constants and exponents'!$C$26*(LN(J2))) -> -34.860278 | G2: =IF(G1="True", "True", IF(F2>E2,"True","False")) -> False | H2: =IF(G2="True", F2, E2) -> 0.057842341 | I2: =C2-D2 -> 2.7e-07 | J2: ='Constants and exponents'!$C$15*(D2^'Constants and exponents'!$C$16) -> 0.00057842341 | K2: =(((I2/'Constants and exponents'!$C$34)/'Constants and exponents'!$C$37)^0.5)*0.7071067812 -> 0.00070277943 | L2: =(((I2/'Constants and exponents'!$C$34)/'Constants and exponents'!$C$37)/2) -> 4.9389892e-07 | M2: =0.79*((('Constants and exponents'!$C$36*1000000000)/(9.81*'Constants and exponents'!$C$35))^0.33)*(J2^0.6667) -> 0.52164858 | N2: =IF(H2>M2,"True","False") -> False | Q2: =ABS((D2+I2)-C2)/C2 -> 0 | R2: =IF(Q2>('Constants and exponents'!$F$44/100),"True","False") -> False | T2: =D2+I2 -> 2.7e-05
A3: =A2+1 -> 1 | B3: ='Constants and exponents'!$C$29*(I2^'Constants and exponents'!$C$30)*L2 -> 0.00066929201 | C3: =D2+I2+B3 -> 0.00069629201 | D3: =D2+('Constants and exponents'!$C$3*(B3^'Constants and exponents'!$C$4)) -> 0.00056216361 | E3: =('Constants and exponents'!$C$19*(J3^'Constants and exponents'!$C$20))-'Constants and exponents'!$C$21 -> 0.18126743 | F3: ='Constants and exponents'!$C$25+('Constants and exponents'!$C$26*(LN(J3))) -> -24.922682 | G3: =IF(G2="True", "True", IF(F3>E3,"True","False")) -> False | H3: =IF(G3="True", F3, E3) -> 0.18126743 | I3: =IF(G3="False",'Constants and exponents'!$C$7*(D3^'Constants and exponents'!$C$8),'Constants and exponents'!$C$11*(D3^'Constants and exponents'!$C$12)) -> 0.0001405409 | J3: ='Constants and exponents'!$C$15*(D3^'Constants and exponents'!$C$16) -> 0.0018126743 | K3: =(((I3/'Constants and exponents'!$C$34)/'Constants and exponents'!$C$37)^0.5)*0.7071067812 -> 0.016033876 | L3: =(((I3/'Constants and exponents'!$C$34)/'Constants and exponents'!$C$37)/2) -> 0.00025708519 | M3: =0.79*((('Constants and exponents'!$C$36*1000000000)/(9.81*'Constants and exponents'!$C$35))^0.33)*(J3^0.6667) -> 1.1171475 | N3: =IF(H3>M3,"True","False") -> False | Q3: =ABS((D3+I3)-C3)/C3 -> 0.0092094981 | R3: =IF(Q3>('Constants and exponents'!$F$44/100),"True","False") -> False | T3: =D3+I3 -> 0.00070270451
A4: =A3+1 -> 2 | B4: ='Constants and exponents'!$C$29*(I3^'Constants and exponents'!$C$30)*L3 -> 0.020876471 | C4: =D3+I3+B4 -> 0.021579175 | D4: =D3+('Constants and exponents'!$C$3*(B4^'Constants and exponents'!$C$4)) -> 0.01726334 | E4: =('Constants and exponents'!$C$19*(J4^'Constants and exponents'!$C$20))-'Constants and exponents'!$C$21 -> 0.65470109 | F4: ='Constants and exponents'!$C$25+('Constants and exponents'!$C$26*(LN(J4))) -> -13.750096 | G4: =IF(G3="True", "True", IF(F4>E4,"True","False")) -> False | H4: =IF(G4="True", F4, E4) -> 0.65470109 | I4: =IF(G4="False",'Constants and exponents'!$C$7*(D4^'Constants and exponents'!$C$8),'Constants and exponents'!$C$11*(D4^'Constants and exponents'!$C$12)) -> 0.004315835 | J4: ='Constants and exponents'!$C$15*(D4^'Constants and exponents'!$C$16) -> 0.0065470109 | K4: =(((I4/'Constants and exponents'!$C$34)/'Constants and exponents'!$C$37)^0.5)*0.7071067812 -> 0.088852484 | L4: =(((I4/'Constants and exponents'!$C$34)/'Constants and exponents'!$C$37)/2) -> 0.007894764 | M4: =0.79*((('Constants and exponents'!$C$36*1000000000)/(9.81*'Constants and exponents'!$C$35))^0.33)*(J4^0.6667) -> 2.6299327 | N4: =IF(H4>M4,"True","False") -> False | Q4: =ABS((D4+I4)-C4)/C4 -> 1.6077755e-16 | R4: =IF(Q4>('Constants and exponents'!$F$44/100),"True","False") -> False | T4: =D4+I4 -> 0.021579175
A5: =A4+1 -> 3 | B5: ='Constants and exponents'!$C$29*(I4^'Constants and exponents'!$C$30)*L4 -> 0.1372939 | C5: =D4+I4+B5 -> 0.15887307 | D5: =D4+('Constants and exponents'!$C$3*(B5^'Constants and exponents'!$C$4)) -> 0.12709846 | E5: =('Constants and exponents'!$C$19*(J5^'Constants and exponents'!$C$20))-'Constants and exponents'!$C$21 -> 1.3841204 | F5: ='Constants and exponents'!$C$25+('Constants and exponents'!$C$26*(LN(J5))) -> -7.2369166 | G5: =IF(G4="True", "True", IF(F5>E5,"True","False")) -> False | H5: =IF(G5="True", F5, E5) -> 1.3841204 | I5: =IF(G5="False",'Constants and exponents'!$C$7*(D5^'Constants and exponents'!$C$8),'Constants and exponents'!$C$11*(D5^'Constants and exponents'!$C$12)) -> 0.031774614 | J5: ='Constants and exponents'!$C$15*(D5^'Constants and exponents'!$C$16) -> 0.013841204 | K5: =(((I5/'Constants and exponents'!$C$34)/'Constants and exponents'!$C$37)^0.5)*0.7071067812 -> 0.24108895 | L5: =(((I5/'Constants and exponents'!$C$34)/'Constants and exponents'!$C$37)/2) -> 0.058123881 | M5: =0.79*((('Constants and exponents'!$C$36*1000000000)/(9.81*'Constants and exponents'!$C$35))^0.33)*(J5^0.6667) -> 4.3322083 | N5: =IF(H5>M5,"True","False") -> False | Q5: =ABS((D5+I5)-C5)/C5 -> 1.7470283e-16 | R5: =IF(Q5>('Constants and exponents'!$F$44/100),"True","False") -> False | T5: =D5+I5 -> 0.15887307
A6: =A5+1 -> 4 | B6: ='Constants and exponents'!$C$29*(I5^'Constants and exponents'!$C$30)*L5 -> 0.41163257 | C6: =D5+I5+B6 -> 0.57050564 | D6: =D5+('Constants and exponents'!$C$3*(B6^'Constants and exponents'!$C$4)) -> 0.45640451 | E6: =('Constants and exponents'!$C$19*(J6^'Constants and exponents'!$C$20))-'Constants and exponents'!$C$21 -> 2.2355144 | F6: ='Constants and exponents'!$C$25+('Constants and exponents'!$C$26*(LN(J6))) -> -3.0660797 | G6: =IF(G5="True", "True", IF(F6>E6,"True","False")) -> False | H6: =IF(G6="True", F6, E6) -> 2.2355144 | I6: =IF(G6="False",'Constants and exponents'!$C$7*(D6^'Constants and exponents'!$C$8),'Constants and exponents'!$C$11*(D6^'Constants and exponents'!$C$12)) -> 0.11410113 | J6: ='Constants and exponents'!$C$15*(D6^'Constants and exponents'!$C$16) -> 0.022355144 | K6: =(((I6/'Constants and exponents'!$C$34)/'Constants and exponents'!$C$37)^0.5)*0.7071067812 -> 0.45685894 | L6: =(((I6/'Constants and exponents'!$C$34)/'Constants and exponents'!$C$37)/2) -> 0.20872009 | M6: =0.79*((('Constants and exponents'!$C$36*1000000000)/(9.81*'Constants and exponents'!$C$35))^0.33)*(J6^0.6667) -> 5.9637397 | N6: =IF(H6>M6,"True","False") -> False | Q6: =ABS((D6+I6)-C6)/C6 -> 0 | R6: =IF(Q6>('Constants and exponents'!$F$44/100),"True","False") -> False
A7: =A6+1 -> 5 | B7: ='Constants and exponents'!$C$29*(I6^'Constants and exponents'!$C$30)*L6 -> 0.83152448 | C7: =D6+I6+B7 -> 1.4020301 | D7: =D6+('Constants and exponents'!$C$3*(B7^'Constants and exponents'!$C$4)) -> 1.1216241 | E7: =('Constants and exponents'!$C$19*(J7^'Constants and exponents'!$C$20))-'Constants and exponents'!$C$21 -> 3.1319441 | F7: ='Constants and exponents'!$C$25+('Constants and exponents'!$C$26*(LN(J7))) -> -0.13259138 | G7: =IF(G6="True", "True", IF(F7>E7,"True","False")) -> False | H7: =IF(G7="True", F7, E7) -> 3.1319441 | I7: =IF(G7="False",'Constants and exponents'!$C$7*(D7^'Constants and exponents'!$C$8),'Constants and exponents'!$C$11*(D7^'Constants and exponents'!$C$12)) -> 0.28040602 | J7: ='Constants and exponents'!$C$15*(D7^'Constants and exponents'!$C$16) -> 0.031319441 | K7: =(((I7/'Constants and exponents'!$C$34)/'Constants and exponents'!$C$37)^0.5)*0.7071067812 -> 0.71619425 | L7: =(((I7/'Constants and exponents'!$C$34)/'Constants and exponents'!$C$37)/2) -> 0.5129342 | M7: =0.79*((('Constants and exponents'!$C$36*1000000000)/(9.81*'Constants and exponents'!$C$35))^0.33)*(J7^0.6667) -> 7.4670303 | N7: =IF(H7>M7,"True","False") -> False | Q7: =ABS((D7+I7)-C7)/C7 -> 1.5837363e-16 | R7: =IF(Q7>('Constants and exponents'!$F$44/100),"True","False") -> False
A8: =A7+1 -> 6 | B8: ='Constants and exponents'!$C$29*(I7^'Constants and exponents'!$C$30)*L7 -> 1.3634795 | C8: =D7+I7+B8 -> 2.7655096 | D8: =D7+('Constants and exponents'!$C$3*(B8^'Constants and exponents'!$C$4)) -> 2.2124077 | E8: =('Constants and exponents'!$C$19*(J8^'Constants and exponents'!$C$20))-'Constants and exponents'!$C$21 -> 4.0405984 | F8: ='Constants and exponents'!$C$25+('Constants and exponents'!$C$26*(LN(J8))) -> 2.0836368 | G8: =IF(G7="True", "True", IF(F8>E8,"True","False")) -> False | H8: =IF(G8="True", F8, E8) -> 4.0405984 | I8: =IF(G8="False",'Constants and exponents'!$C$7*(D8^'Constants and exponents'!$C$8),'Constants and exponents'!$C$11*(D8^'Constants and exponents'!$C$12)) -> 0.55310192 | J8: ='Constants and exponents'!$C$15*(D8^'Constants and exponents'!$C$16) -> 0.040405984 | K8: =(((I8/'Constants and exponents'!$C$34)/'Constants and exponents'!$C$37)^0.5)*0.7071067812 -> 1.0058651 | L8: =(((I8/'Constants and exponents'!$C$34)/'Constants and exponents'!$C$37)/2) -> 1.0117646 | M8: =0.79*((('Constants and exponents'!$C$36*1000000000)/(9.81*'Constants and exponents'!$C$35))^0.33)*(J8^0.6667) -> 8.8492417 | N8: =IF(H8>M8,"True","False") -> False | Q8: =ABS((D8+I8)-C8)/C8 -> 0 | R8: =IF(Q8>('Constants and exponents'!$F$44/100),"True","False") -> False
A9: =A8+1 -> 7 | B9: ='Constants and exponents'!$C$29*(I8^'Constants and exponents'!$C$30)*L8 -> 1.9811092 | C9: =D8+I8+B9 -> 4.7466188 | D9: =D8+('Constants and exponents'!$C$3*(B9^'Constants and exponents'!$C$4)) -> 3.7972951 | E9: =('Constants and exponents'!$C$19*(J9^'Constants and exponents'!$C$20))-'Constants and exponents'!$C$21 -> 4.9479367 | F9: ='Constants and exponents'!$C$25+('Constants and exponents'!$C$26*(LN(J9))) -> 3.8460641 | G9: =IF(G8="True", "True", IF(F9>E9,"True","False")) -> False | H9: =IF(G9="True", F9, E9) -> 4.9479367 | I9: =IF(G9="False",'Constants and exponents'!$C$7*(D9^'Constants and exponents'!$C$8),'Constants and exponents'!$C$11*(D9^'Constants and exponents'!$C$12)) -> 0.94932376 | J9: ='Constants and exponents'!$C$15*(D9^'Constants and exponents'!$C$16) -> 0.049479367 | K9: =(((I9/'Constants and exponents'!$C$34)/'Constants and exponents'!$C$37)^0.5)*0.7071067812 -> 1.3177843 | L9: =(((I9/'Constants and exponents'!$C$34)/'Constants and exponents'!$C$37)/2) -> 1.7365555 | M9: =0.79*((('Constants and exponents'!$C$36*1000000000)/(9.81*'Constants and exponents'!$C$35))^0.33)*(J9^0.6667) -> 10.128877 | N9: =IF(H9>M9,"True","False") -> False | Q9: =ABS((D9+I9)-C9)/C9 -> 0 | R9: =IF(Q9>('Constants and exponents'!$F$44/100),"True","False") -> False
A10: =A9+1 -> 8 | B10: ='Constants and exponents'!$C$29*(I9^'Constants and exponents'!$C$30)*L9 -> 2.6665115 | C10: =D9+I9+B10 -> 7.4131304 | D10: =D9+('Constants and exponents'!$C$3*(B10^'Constants and exponents'!$C$4)) -> 5.9305043 | E10: =('Constants and exponents'!$C$19*(J10^'Constants and exponents'!$C$20))-'Constants and exponents'!$C$21 -> 5.8483131 | F10: ='Constants and exponents'!$C$25+('Constants and exponents'!$C$26*(LN(J10))) -> 5.3005527 | G10: =IF(G9="True", "True", IF(F10>E10,"True","False")) -> False | H10: =IF(G10="True", F10, E10) -> 5.8483131 | I10: =IF(G10="False",'Constants and exponents'!$C$7*(D10^'Constants and exponents'!$C$8),'Constants and exponents'!$C$11*(D10^'Constants and exponents'!$C$12)) -> 1.4826261 | J10: ='Constants and exponents'!$C$15*(D10^'Constants and exponents'!$C$16) -> 0.058483131 | K10: =(((I10/'Constants and exponents'!$C$34)/'Constants and exponents'!$C$37)^0.5)*0.7071067812 -> 1.6468459 | L10: =(((I10/'Constants and exponents'!$C$34)/'Constants and exponents'!$C$37)/2) -> 2.7121015 | M10: =0.79*((('Constants and exponents'!$C$36*1000000000)/(9.81*'Constants and exponents'!$C$35))^0.33)*(J10^0.6667) -> 11.32317 | N10: =IF(H10>M10,"True","False") -> False | Q10: =ABS((D10+I10)-C10)/C10 -> 0 | R10: =IF(Q10>('Constants and exponents'!$F$44/100),"True","False") -> False
A11: =A10+1 -> 9 | B11: ='Constants and exponents'!$C$29*(I10^'Constants and exponents'!$C$30)*L10 -> 3.4074773 | C11: =D10+I10+B11 -> 10.820608 | D11: =D10+('Constants and exponents'!$C$3*(B11^'Constants and exponents'!$C$4)) -> 8.6564861 | E11: =('Constants and exponents'!$C$19*(J11^'Constants and exponents'!$C$20))-'Constants and exponents'!$C$21 -> 6.7394486 | F11: ='Constants and exponents'!$C$25+('Constants and exponents'!$C$26*(LN(J11))) -> 6.534429 | G11: =IF(G10="True", "True", IF(F11>E11,"True","False")) -> False | H11: =IF(G11="True", F11, E11) -> 6.7394486 | I11: =IF(G11="False",'Constants and exponents'!$C$7*(D11^'Constants and exponents'!$C$8),'Constants and exponents'!$C$11*(D11^'Constants and exponents'!$C$12)) -> 2.1641215 | J11: ='Constants and exponents'!$C$15*(D11^'Constants and exponents'!$C$16) -> 0.067394486 | K11: =(((I11/'Constants and exponents'!$C$34)/'Constants and exponents'!$C$37)^0.5)*0.7071067812 -> 1.9896559 | L11: =(((I11/'Constants and exponents'!$C$34)/'Constants and exponents'!$C$37)/2) -> 3.9587307 | M11: =0.79*((('Constants and exponents'!$C$36*1000000000)/(9.81*'Constants and exponents'!$C$35))^0.33)*(J11^0.6667) -> 12.44608 | N11: =IF(H11>M11,"True","False") -> False | Q11: =ABS((D11+I11)-C11)/C11 -> 0 | R11: =IF(Q11>('Constants and exponents'!$F$44/100),"True","False") -> False
A12: =A11+1 -> 10 | B12: ='Constants and exponents'!$C$29*(I11^'Constants and exponents'!$C$30)*L11 -> 4.195372 | C12: =D11+I11+B12 -> 15.01598 | D12: =D11+('Constants and exponents'!$C$3*(B12^'Constants and exponents'!$C$4)) -> 12.012784 | E12: =('Constants and exponents'!$C$19*(J12^'Constants and exponents'!$C$20))-'Constants and exponents'!$C$21 -> 7.620573 | F12: ='Constants and exponents'!$C$25+('Constants and exponents'!$C$26*(LN(J12))) -> 7.603428 | G12: =IF(G11="True", "True", IF(F12>E12,"True","False")) -> False | H12: =IF(G12="True", F12, E12) -> 7.620573 | I12: =IF(G12="False",'Constants and exponents'!$C$7*(D12^'Constants and exponents'!$C$8),'Constants and exponents'!$C$11*(D12^'Constants and exponents'!$C$12)) -> 3.0031959 | J12: ='Constants and exponents'!$C$15*(D12^'Constants and exponents'!$C$16) -> 0.07620573 | K12: =(((I12/'Constants and exponents'!$C$34)/'Constants and exponents'!$C$37)^0.5)*0.7071067812 -> 2.3438456 | L12: =(((I12/'Constants and exponents'!$C$34)/'Constants and exponents'!$C$37)/2) -> 5.493612 | M12: =0.79*((('Constants and exponents'!$C$36*1000000000)/(9.81*'Constants and exponents'!$C$35))^0.33)*(J12^0.6667) -> 13.508585 | N12: =IF(H12>M12,"True","False") -> False | Q12: =ABS((D12+I12)-C12)/C12 -> 1.1829777e-16 | R12: =IF(Q12>('Constants and exponents'!$F$44/100),"True","False") -> False
A13: =A12+1 -> 11 | B13: ='Constants and exponents'!$C$29*(I12^'Constants and exponents'!$C$30)*L12 -> 5.0238491 | C13: =D12+I12+B13 -> 20.039829 | D13: =D12+('Constants and exponents'!$C$3*(B13^'Constants and exponents'!$C$4)) -> 16.031863 | E13: =('Constants and exponents'!$C$19*(J13^'Constants and exponents'!$C$20))-'Constants and exponents'!$C$21 -> 8.4916142 | F13: ='Constants and exponents'!$C$25+('Constants and exponents'!$C$26*(LN(J13))) -> 8.5450076 | G13: =IF(G12="True", "True", IF(F13>E13,"True","False")) -> True | H13: =IF(G13="True", F13, E13) -> 8.5450076 | I13: =IF(G13="False",'Constants and exponents'!$C$7*(D13^'Constants and exponents'!$C$8),'Constants and exponents'!$C$11*(D13^'Constants and exponents'!$C$12)) -> 3.685495 | J13: ='Constants and exponents'!$C$15*(D13^'Constants and exponents'!$C$16) -> 0.084916142 | K13: =(((I13/'Constants and exponents'!$C$34)/'Constants and exponents'!$C$37)^0.5)*0.7071067812 -> 2.5964805 | L13: =(((I13/'Constants and exponents'!$C$34)/'Constants and exponents'!$C$37)/2) -> 6.7417111 | M13: =0.79*((('Constants and exponents'!$C$36*1000000000)/(9.81*'Constants and exponents'!$C$35))^0.33)*(J13^0.6667) -> 14.519328 | N13: =IF(H13>M13,"True","False") -> False | Q13: =ABS((D13+I13)-C13)/C13 -> 0.016091492 | R13: =IF(Q13>('Constants and exponents'!$F$44/100),"True","False") -> False
A14: =A13+1 -> 12 | B14: ='Constants and exponents'!$C$29*(I13^'Constants and exponents'!$C$30)*L13 -> 5.6226141 | C14: =D13+I13+B14 -> 25.339972 | D14: =D13+('Constants and exponents'!$C$3*(B14^'Constants and exponents'!$C$4)) -> 20.529954 | E14: =('Constants and exponents'!$C$19*(J14^'Constants and exponents'!$C$20))-'Constants and exponents'!$C$21 -> 9.3167995 | F14: ='Constants and exponents'!$C$25+('Constants and exponents'!$C$26*(LN(J14))) -> 9.3518461 | G14: =IF(G13="True", "True", IF(F14>E14,"True","False")) -> True | H14: =IF(G14="True", F14, E14) -> 9.3518461 | I14: =IF(G14="False",'Constants and exponents'!$C$7*(D14^'Constants and exponents'!$C$8),'Constants and exponents'!$C$11*(D14^'Constants and exponents'!$C$12)) -> 4.4365851 | J14: ='Constants and exponents'!$C$15*(D14^'Constants and exponents'!$C$16) -> 0.093167995 | K14: =(((I14/'Constants and exponents'!$C$34)/'Constants and exponents'!$C$37)^0.5)*0.7071067812 -> 2.8487974 | L14: =(((I14/'Constants and exponents'!$C$34)/'Constants and exponents'!$C$37)/2) -> 8.1156467 | M14: =0.79*((('Constants and exponents'!$C$36*1000000000)/(9.81*'Constants and exponents'!$C$35))^0.33)*(J14^0.6667) -> 15.445389 | N14: =IF(H14>M14,"True","False") -> False | Q14: =ABS((D14+I14)-C14)/C14 -> 0.014736903 | R14: =IF(Q14>('Constants and exponents'!$F$44/100),"True","False") -> False
A15: =A14+1 -> 13 | B15: ='Constants and exponents'!$C$29*(I14^'Constants and exponents'!$C$30)*L14 -> 6.2264775 | C15: =D14+I14+B15 -> 31.193017 | D15: =D14+('Constants and exponents'!$C$3*(B15^'Constants and exponents'!$C$4)) -> 25.511136 | E15: =('Constants and exponents'!$C$19*(J15^'Constants and exponents'!$C$20))-'Constants and exponents'!$C$21 -> 10.107527 | F15: ='Constants and exponents'!$C$25+('Constants and exponents'!$C$26*(LN(J15))) -> 10.060559 | G15: =IF(G14="True", "True", IF(F15>E15,"True","False")) -> True | H15: =IF(G15="True", F15, E15) -> 10.060559 | I15: =IF(G15="False",'Constants and exponents'!$C$7*(D15^'Constants and exponents'!$C$8),'Constants and exponents'!$C$11*(D15^'Constants and exponents'!$C$12)) -> 5.2216191 | J15: ='Constants and exponents'!$C$15*(D15^'Constants and exponents'!$C$16) -> 0.10107527 | K15: =(((I15/'Constants and exponents'!$C$34)/'Constants and exponents'!$C$37)^0.5)*0.7071067812 -> 3.0905783 | L15: =(((I15/'Constants and exponents'!$C$34)/'Constants and exponents'!$C$37)/2) -> 9.5516741 | M15: =0.79*((('Constants and exponents'!$C$36*1000000000)/(9.81*'Constants and exponents'!$C$35))^0.33)*(J15^0.6667) -> 16.307429 | N15: =IF(H15>M15,"True","False") -> False | Q15: =ABS((D15+I15)-C15)/C15 -> 0.014755276 | R15: =IF(Q15>('Constants and exponents'!$F$44/100),"True","False") -> False
A16: =A15+1 -> 14 | B16: ='Constants and exponents'!$C$29*(I15^'Constants and exponents'!$C$30)*L15 -> 6.8101774 | C16: =D15+I15+B16 -> 37.542933 | D16: =D15+('Constants and exponents'!$C$3*(B16^'Constants and exponents'!$C$4)) -> 30.959278 | E16: =('Constants and exponents'!$C$19*(J16^'Constants and exponents'!$C$20))-'Constants and exponents'!$C$21 -> 10.868455 | F16: ='Constants and exponents'!$C$25+('Constants and exponents'!$C$26*(LN(J16))) -> 10.692041 | G16: =IF(G15="True", "True", IF(F16>E16,"True","False")) -> True | H16: =IF(G16="True", F16, E16) -> 10.692041 | I16: =IF(G16="False",'Constants and exponents'!$C$7*(D16^'Constants and exponents'!$C$8),'Constants and exponents'!$C$11*(D16^'Constants and exponents'!$C$12)) -> 6.0374139 | J16: ='Constants and exponents'!$C$15*(D16^'Constants and exponents'!$C$16) -> 0.10868455 | K16: =(((I16/'Constants and exponents'!$C$34)/'Constants and exponents'!$C$37)^0.5)*0.7071067812 -> 3.3232471 | L16: =(((I16/'Constants and exponents'!$C$34)/'Constants and exponents'!$C$37)/2) -> 11.043971 | M16: =0.79*((('Constants and exponents'!$C$36*1000000000)/(9.81*'Constants and exponents'!$C$35))^0.33)*(J16^0.6667) -> 17.115981 | N16: =IF(H16>M16,"True","False") -> False | Q16: =ABS((D16+I16)-C16)/C16 -> 0.014549758 | R16: =IF(Q16>('Constants and exponents'!$F$44/100),"True","False") -> False
A17: =A16+1 -> 15 | B17: ='Constants and exponents'!$C$29*(I16^'Constants and exponents'!$C$30)*L16 -> 7.3762155 | C17: =D16+I16+B17 -> 44.372908 | D17: =D16+('Constants and exponents'!$C$3*(B17^'Constants and exponents'!$C$4)) -> 36.860251 | E17: =('Constants and exponents'!$C$19*(J17^'Constants and exponents'!$C$20))-'Constants and exponents'!$C$21 -> 11.603276 | F17: ='Constants and exponents'!$C$25+('Constants and exponents'!$C$26*(LN(J17))) -> 11.26122 | G17: =IF(G16="True", "True", IF(F17>E17,"True","False")) -> True | H17: =IF(G17="True", F17, E17) -> 11.26122 | I17: =IF(G17="False",'Constants and exponents'!$C$7*(D17^'Constants and exponents'!$C$8),'Constants and exponents'!$C$11*(D17^'Constants and exponents'!$C$12)) -> 6.8813959 | J17: ='Constants and exponents'!$C$15*(D17^'Constants and exponents'!$C$16) -> 0.11603276 | K17: =(((I17/'Constants and exponents'!$C$34)/'Constants and exponents'!$C$37)^0.5)*0.7071067812 -> 3.5479332 | L17: =(((I17/'Constants and exponents'!$C$34)/'Constants and exponents'!$C$37)/2) -> 12.58783 | M17: =0.79*((('Constants and exponents'!$C$36*1000000000)/(9.81*'Constants and exponents'!$C$35))^0.33)*(J17^0.6667) -> 17.879057 | N17: =IF(H17>M17,"True","False") -> False | Q17: =ABS((D17+I17)-C17)/C17 -> 0.014226274 | R17: =IF(Q17>('Constants and exponents'!$F$44/100),"True","False") -> False
... A101: =A100+1 -> 99 | B101: ='Constants and exponents'!$C$29*(I100^'Constants and exponents'!$C$30)*L100 -> 37.966526 | C101: =D100+I100+B101 -> 1800.3336 | D101: =D100+('Constants and exponents'!$C$3*(B101^'Constants and exponents'!$C$4)) -> 1673.9969 | E101: =('Constants and exponents'!$C$19*(J101^'Constants and exponents'!$C$20))-'Constants and exponents'!$C$21 -> 48.532118 | F101: ='Constants and exponents'!$C$25+('Constants and exponents'!$C$26*(LN(J101))) -> 23.710384 | G101: =IF(G100="True", "True", IF(F101>E101,"True","False")) -> True | H101: =IF(G101="True", F101, E101) -> 23.710384 | I101: =IF(G101="False",'Constants and exponents'!$C$7*(D101^'Constants and exponents'!$C$8),'Constants and exponents'!$C$11*(D101^'Constants and exponents'!$C$12)) -> 120.3854 | J101: ='Constants and exponents'!$C$15*(D101^'Constants and exponents'!$C$16) -> 0.48532118 | K101: =(((I101/'Constants and exponents'!$C$34)/'Constants and exponents'!$C$37)^0.5)*0.7071067812 -> 14.839664 | L101: =(((I101/'Constants and exponents'!$C$34)/'Constants and exponents'!$C$37)/2) -> 220.21562 | M101: =0.79*((('Constants and exponents'!$C$36*1000000000)/(9.81*'Constants and exponents'!$C$35))^0.33)*(J101^0.6667) -> 46.415647 | N101: =IF(H101>M101,"True","False") -> False | Q101: =ABS((D101+I101)-C101)/C101 -> 0.0033056901 | R101: =IF(Q101>('Constants and exponents'!$F$44/100),"True","False") -> False
